{
    "quadrants": {
        "t_pkcs11": 2,
        "client_auth": 4,
        "keystore_type": 4,
        "k_pkcs11": 2,
        "t_jks": 2,
        "v_1": 2,
        "t_pkcs12": 2,
        "v_1_1": 2,
        "v_1_3": 2,
        "v_1_2": 2,
        "k_pkcs12": 2,
        "k_jks": 2,
        "true": 2,
        "want": 2,
        "trust_type": 4,
        "protocol_version": 1,
        "false": 2
    },
    "D_PLUS_R": [
        0.0,
        12.984924623115575,
        7.723618090452259,
        0.0,
        0.0,
        0.0,
        0.0,
        0.0,
        0.0,
        0.0,
        0.0,
        0.0,
        0.0,
        0.0,
        13.090452261306531,
        9.728643216080398,
        0.0
    ],
    "D_MINUS_R": [
        0.0,
        -0.21105527638190935,
        -0.6482412060301503,
        0.0,
        0.0,
        0.0,
        0.0,
        0.0,
        0.0,
        0.0,
        0.0,
        0.0,
        0.0,
        0.0,
        -1.7939698492462313,
        2.653266331658292,
        0.0
    ],
    "WEIGHTS": [
        0.0,
        0.298314477026091,
        0.1774416993765874,
        0.0,
        0.0,
        0.0,
        0.0,
        0.0,
        0.0,
        0.0,
        0.0,
        0.0,
        0.0,
        0.0,
        0.3007388593858232,
        0.22350496421149849,
        0.0
    ]
}