{
    "quadrants": {
        "sha256": 2,
        "aes_256_gcm": 2,
        "secp384r1": 2,
        "digital_signature_type": 1,
        "camellia_256_gcm": 2,
        "aes_256_cbc": 2,
        "secp256": 2,
        "openpgp": 2,
        "s_4096": 2,
        "x509": 2,
        "aes_128_ccm": 2,
        "key_size": 4,
        "certificate_type": 4,
        "sha512": 2,
        "aes_128_ccm_8": 2,
        "secp512r1": 2,
        "cipher_algorithm": 1,
        "s_8192": 2,
        "x22519": 2,
        "authentication_method": 1,
        "v1_2": 2,
        "sha384": 2,
        "s_3072": 2,
        "rsa_auth": 2,
        "aes_128_cbc": 2,
        "s_6149": 2,
        "mac_algorithm": 2,
        "x448": 2,
        "key_change_method": 1,
        "ecdsa": 2,
        "curve_key_function": 4,
        "s_2048": 2,
        "chacha20_poly1305": 2,
        "camellia_128_gcm": 2,
        "aes_128_gcm": 2,
        "dhe": 2,
        "psk": 2,
        "v1_3": 2,
        "camellia_256_cbc": 2,
        "camellia_128_cbc": 2,
        "srp": 2,
        "ecdhe": 2,
        "rsa": 2,
        "protocol_version": 4
    },
    "D_PLUS_R": [
        0.0,
        0.0,
        0.0,
        0.57522964840038,
        0.0,
        0.0,
        0.0,
        0.0,
        0.0,
        0.0,
        0.0,
        0.5314009661835748,
        0.5314009661835748,
        0.0,
        0.0,
        0.0,
        0.6560025340513145,
        0.0,
        0.0,
        0.5797101449275364,
        0.0,
        0.0,
        0.0,
        0.0,
        0.0,
        0.0,
        0.0,
        0.0,
        1.6231884057971016,
        0.0,
        0.5314009661835748,
        0.0,
        0.0,
        0.0,
        0.0,
        0.0,
        0.0,
        0.0,
        0.0,
        0.0,
        0.0,
        0.0,
        0.0,
        0.950585999366487
    ],
    "D_MINUS_R": [
        0.0,
        0.0,
        0.0,
        0.15204307887234714,
        0.0,
        0.0,
        0.0,
        0.0,
        0.0,
        0.0,
        0.0,
        -0.24154589371980667,
        -0.24154589371980667,
        0.0,
        0.0,
        0.0,
        0.07127019322141281,
        0.0,
        0.0,
        5.551115123125783e-17,
        0.0,
        0.0,
        0.0,
        0.0,
        0.0,
        0.0,
        0.0,
        0.0,
        0.7246376811594201,
        0.0,
        -0.24154589371980667,
        0.0,
        0.0,
        0.0,
        0.0,
        0.0,
        0.0,
        0.0,
        0.0,
        0.0,
        0.0,
        0.0,
        0.0,
        -0.22331327209375995
    ],
    "WEIGHTS": [
        0.0,
        0.0,
        0.0,
        0.09620963048388906,
        0.0,
        0.0,
        0.0,
        0.0,
        0.0,
        0.0,
        0.0,
        0.08887909504921404,
        0.08887909504921404,
        0.0,
        0.0,
        0.0,
        0.10971924269390652,
        0.0,
        0.0,
        0.09695901278096082,
        0.0,
        0.0,
        0.0,
        0.0,
        0.0,
        0.0,
        0.0,
        0.0,
        0.27148523578669026,
        0.0,
        0.08887909504921404,
        0.0,
        0.0,
        0.0,
        0.0,
        0.0,
        0.0,
        0.0,
        0.0,
        0.0,
        0.0,
        0.0,
        0.0,
        0.15898959310691135
    ]
}