{
    "quadrants": {
        "memoria": 2,
        "precio": 4,
        "camara": 2,
        "procesador": 2
    },
    "D_PLUS_R": [
        6.253994953742638,
        7.007569386038684,
        6.118587047939442,
        6.000841042893185
    ],
    "D_MINUS_R": [
        1.3776282590412103,
        -3.084945332211941,
        0.4886459209419671,
        1.218671152228763
    ],
    "WEIGHTS": [
        0.24640466565047386,
        0.27609516866591555,
        0.24106965338988667,
        0.23643051229372392
    ]
}