{
    "quadrants": {
        "precio": 4,
        "procesador": 2,
        "memoria": 2,
        "camara": 2
    },
    "D_PLUS_R": [
        7.007569386038686,
        6.000841042893185,
        6.253994953742638,
        6.118587047939442
    ],
    "D_MINUS_R": [
        -3.0849453322119427,
        1.2186711522287634,
        1.3776282590412103,
        0.488645920941968
    ],
    "WEIGHTS": [
        0.2760951686659156,
        0.23643051229372392,
        0.24640466565047386,
        0.24106965338988667
    ]
}