{
    "quadrants": {
        "openssl_openssl_version_0__9__8g": 4,
        "sources": 2,
        "openssl": 2,
        "types": 2,
        "openssl_openssl_version_0__9__8f": 1,
        "exploits": 2,
        "openssl_openssl_version_0__9__8h": 1
    },
    "D_PLUS_R": [
        1.3333333333333333,
        0.0,
        0.0,
        0.0,
        1.3333333333333333,
        0.0,
        0.6666666666666666
    ],
    "D_MINUS_R": [
        -1.3333333333333333,
        0.0,
        0.0,
        0.0,
        0.6666666666666667,
        0.0,
        0.6666666666666666
    ],
    "WEIGHTS": [
        0.4,
        0.0,
        0.0,
        0.0,
        0.4,
        0.0,
        0.2
    ]
}