{
    "quadrants": {
        "64 MB": 1,
        "Rojo": 1,
        "Cuatro semanas": 3,
        "Color": 3,
        "Inmediata": 2,
        "Entrega": 2,
        "8 MB": 4,
        "Rosa": 4,
        "Memoria": 2,
        "16 MB": 3,
        "Verde": 4,
        "Azul": 4,
        "Una semana": 2,
        "Negro": 1,
        "32 MB": 2
    },
    "D_PLUS_R": [
        0.9655271992998746,
        1.4677397138233585,
        0.6719174819952207,
        0.381883987893029,
        0.6189642455583411,
        0.3016763339993127,
        0.9655271992998746,
        0.9497295779595823,
        0.3480589546112045,
        0.6453029394539933,
        1.6427642034474421,
        1.0335595278127374,
        0.3841547654929571,
        1.2570027877514374,
        0.6453029394539933
    ],
    "D_MINUS_R": [
        0.8213445670839645,
        1.2644131539513754,
        -0.5983121130168305,
        -0.26255501531889847,
        0.5240936402829741,
        0.09559856872722483,
        -0.8213445670839643,
        -0.07166885626557307,
        0.16695644659167366,
        -0.2521380168550349,
        -1.464611903093192,
        -0.4146780676087775,
        0.0742184727338564,
        0.686545673016167,
        0.2521380168550348
    ],
    "WEIGHTS": [
        0.07863168040793035,
        0.1195314230226476,
        0.05472036493954869,
        0.0311002939230347,
        0.05040790023934184,
        0.024568253591272075,
        0.07863168040793035,
        0.077345136110332,
        0.028345613155126084,
        0.05255290015469068,
        0.13378526252262393,
        0.084172173018506,
        0.03128522404063729,
        0.10236919431168776,
        0.05255290015469068
    ]
}