{
    "quadrants": {
        "precio": 2,
        "camara_16": 2,
        "memoria": 2,
        "acabado_2": 2,
        "camara_12": 2,
        "precio_225": 1,
        "camara_8": 2,
        "memoria_32": 2,
        "acabado_3": 2,
        "acabado_1": 2,
        "memoria_16": 2,
        "precio_200": 2,
        "precio_250": 4,
        "precio_275": 4,
        "precio_300": 2,
        "acabado": 2,
        "camara": 2,
        "acabado_4": 2
    },
    "D_PLUS_R": [
        0.0,
        0.0,
        0.0,
        0.0,
        0.0,
        1.25,
        0.0,
        0.0,
        0.0,
        0.0,
        0.0,
        0.0,
        1.25,
        0.5,
        0.0,
        0.0,
        0.0,
        0.0
    ],
    "D_MINUS_R": [
        0.0,
        0.0,
        0.0,
        0.0,
        0.0,
        1.25,
        0.0,
        0.0,
        0.0,
        0.0,
        0.0,
        0.0,
        -0.75,
        -0.5,
        0.0,
        0.0,
        0.0,
        0.0
    ],
    "WEIGHTS": [
        0.0,
        0.0,
        0.0,
        0.0,
        0.0,
        0.4166666666666667,
        0.0,
        0.0,
        0.0,
        0.0,
        0.0,
        0.0,
        0.4166666666666667,
        0.16666666666666666,
        0.0,
        0.0,
        0.0,
        0.0
    ]
}